번호,작성자,제목,내용,작성일자
1,일상탈출,대구근교 워터파크 준비물 놀이기구 칠곡 물놀이여름휴가지 추천,대구근교 워터파크 준비물 놀이기구 칠곡 물놀이여름휴가지 추천 여행 일자 : 2024년 6월 2일 글 사진 일상탈출 올해 6월은 벌써부터 날씨가 후덥지근하여 빠르게 여름이 오고 있음을 전해주고 있습니다. 벌써 거리에 가동 중인 분수를 보며 들어가고 싶다는 생각만 드는데요. 거기에 요즘 하늘이 예뻐 물놀이하러 가면 딱 좋겠다는 생각에 지난주 지인들과 함께...,2일 전
2,잘나가는은정,강원도 고성 배낚시 가자미 바다낚시 체험여름휴가가볼만한곳(속초 IC 15KM),이번여름휴가어디로 가세요? 강원도로 간다면 주목!! 영상을 먼저 올린 이유는 이 영상이여름휴가를 즐기는 모습을 보여준다고 할 수 있기 때문이에요. 강원도 속초 고성으로 여행... 올여름 강원도 속초와 고성으로 휴가 계획이 있다면 2시간의 행복 어성호 배낚시 추천드립니다. 고성 가볼 만한 곳 강원도 고성으로 배낚시만 다녀오기엔 많이 아쉽지요. 어성호에서...,3일 전
3,갬개미네 오렌지홈,"태안 아일랜드리솜 객실, 조식, 아쉬운점까지!여름휴가지 추천★",머무는 내내 날씨도 너~무 좋고 행복한 시간이었어서 국내여름휴가지로 소개드려요!! 1. S30(콘도형) 객실 후기 제가 체크인한 방은 S30 5층 방이에요. 꽤 넓직한 거실과 테라스가 있구요... 국내여름휴가추천 장소로 태안 아일랜드 리솜 강추합니당.. 저는 이번에 해루질은 못했지만 꽃지해변에서 조개잡는 분들도 많더라구요. 서해여행 한 번 더 가야겠어요..★,1일 전
4,Kimi,8월 해외여행지 추천여름휴가대만 테마여행 일정,"8월여름휴가동안 해외여행을 가고 싶은데, 길게 휴가 내기는 힘들어서 가까운 8월 해외여행지를 찾고 있다면 대만을 추천합니다. 8월 해외여행지 추천 : 대만 ✅ 2시간 30분 가까운 비행거리 ✅ 평균 항공권 가격 30~ 40만 원 ✅ 7월 8월 여름 날씨는 우리나라보다 조금 더 덥고 습함 ✅ 박물관, 전망대, 야시장 등 볼거리가 많음 ✅ 망고 빙수, 샤오룽바오, 버블티, 우육면 등...",2주 전
5,깔깔부부,포항 화진해수욕장 캠핑 국내여름 휴가지 추천 바다 캠핑장,"끝없이 펼쳐진 망망대해를 바라보면서 선선한 솔밭 그늘 아래서 한가로이 머물 수 있는 국내여름 휴가지였답니다. 그럼 어떤 곳인지 함께 구경해 볼게요! 피서철 물놀이를 하면서... #포항화진해수욕장 #바다캠핑장 #국내여름휴가지 소나무 사이사이에 텐트나 쉘터, 타프 등을 피칭할 수 있었고요. 하루 종일 그늘이다 보니 테이블과 의자만 펼쳐 놓을 수도 있었어요....",1일 전
6,르빰므,여름휴가추천 베트남 다낭 골프 여행 호이안 호이아나 리조트,날씨가 급작스럽게 무더워지면서여름휴가계획하시는 분들 많으실 거 같아요 골프를 좋아하시는 분들에게 베트남 골프 여행으로 너무나 좋았던 복합 리조트 단지 호이아나 리조트... 이번 여름에 휴가로 골프여행 계획하신다면 호이아나 리조트 앤 골프 투숙 추천드리고 싶어요 서버 바이브 캠페인 이용하여 다채로운 특별 혜택을 받으실 수 있어요 Hoiana Resort & Golf...,4일 전
7,연희아민,국내여름휴가추천 울진 해양레포츠센터 스쿠버다이빙 프리다이빙 체험 여행,ㅎ 언니한테는 물어도 안 보고 혼자 결심한 거지만 언니는 수영을 잘하고 물을 좋아하니 무조건 좋아할게 뻔하니까요.:) 국내여름휴가추천으로 자신 있게 소개 드리며 울진 해양레포츠센터에서 이번 여름에 가까운 이들과 멋진 추억을 남기고 자신과의 한계에 도전해 보시면 좋을 것 같아요. * 본 포스팅은 대유잼 울진 팸투어 초청 받아 참여 후 진솔하게...,2일 전
8,제주오름부부,8월 제주도 여행 동쪽 코스 제주 함덕해수욕장 코난해변 코난비치 국내여름휴가지 추천,사진 쏭이 8월이 되면 본격적인 국내여름휴가시즌이라 국내여름휴가지 어디갈지 고민이시라면 제주도 여행 추천!! 여름에 제주도 해수욕장은 놀기 정말 좋은거 아시는 분들은 매년여름휴가를 제주도로 가시죠. 8월 제주도 여행 코스로 꼭 들어가는 곳이 물놀이 해변이죠. 제주 동쪽 함덕해수욕장과 코난비치 소개해드릴게요. 1. 함덕해수욕장 제주 제주시 조천읍...,6일 전
9,버튼홀,클락이글골프여름휴가프로모션 필리핀 클락골프 비용,"올해여름휴가이야기를 하다 제가 좋아하는 클락골프를 가볼까 하고 있어요. 저는 클락골프를 여러 번 갔다 왔지만 남편은 아직 한 번도 가보지 못했거든요. 제가 다녀와서 필리핀 클락 너무 좋다고 좋다고 해서 남편도 꼭 가보고 싶다고 하더라고요. 제가 클락골프갈때 꼭 클락이글골프를 통해 다녀오는데,여름휴가프로모션 상품을 출시해 주셨더라고요...",3일 전
10,호텔스닷컴,"7월 8월여름해외 여행지 추천,여름휴가 여름방학 미리 준비하자!","오늘은 곧 다가올여름휴가때 만족하실 수 있도록, 7월 8월에 떠나기 좋은 해외여행지를 추천해 드릴게요.여름7월 해외여행지 추천 1. 샌프란시스코 Fillmore Jazz Festival Fillmore St, Eddy St and, Jackson St, San Francisco, CA 94115 미국 낭만 가득한 야경과 도심의 볼거리를 즐겨볼까요? 7월의 샌프란시스코는 우리나라 봄 정도의 날씨로, 강수량이 적어 여행하기 딱 좋은...",2024.05.10.
11,신시어리,"with 신시어리, 2024여름굿즈 제작 추천","사무실부터여름휴양지까지 어디서든 시선을 끌 브랜드굿즈를 찾고 계세요?여름판촉물제작, 수건제작, 타올제작, 보냉백 제작등 신시어리와 함께 시원한여름휴가를 준비해보세요....",2024.02.20.
12,아자스쿨,여름방학 교과연계 가장 인기있는 체험은?,"얼마 안 있으면여름방학 시작인데, 우리 아이 뭐 할지 고민이라면? 방학에 인기있는 체험 프로그램만 모았어요! 시원한 실내에서 재밌는 수업으로 완벽 교과 대비!...",2024.06.05.
13,써니의 낭만 톡톡,"아이랑 함께 떠나는 7월, 8월여름휴가해외여행 추천 국내여행 제주도",제주여행보다 다채롭고 색다른체험이 있어 더 가고싶은 제주도~ 아이와 함께 특별한 추억 만들어 보자~~ 하나투어 하나 Original 패키지투어 추천! 아이랑 함께하는여름휴가제주도여행 보러가기 ️️️️️ #8월해외여행 #여름해외여행 #여름해외여행지추천 #여름휴가#여름방학해외여행 #하나투어 #여름제주도 #제주도여행 #여름방학제주도 #아이와제주도 #아이랑국내여행,2일 전
14,돌아다니고 끄적거리는 리뷰몽땅,대구 근교여름휴가물놀이펜션 청도 독채펜션 라라랜드,다양한 볼거리가 있는 청도에서 물놀이 독채펜션까지 아이들과의여름휴가계획 지금부터 시작합니다. 청도 물놀이펜션 라라랜드는 청도 읍성 인근의 높은 위치에 있어서 물놀이 하면서 바라보는 아침 저녁 풍경이 멋진 곳입니다 방문일 2024년 5월 28일 1.여름 휴가물놀이펜션 청도읍성과 청도향교에서 가까운 곳에 있는 청도 독채펜션은 청도ic에서 차로 10분 거리에...,2주 전
15,냥집사의 냥냥생활,여름 해외 여행지 추천여름 휴가는 여기!,"안녕하세요, 저는 조금 이른여름 휴가를 맞아 친구에게 여름 해외 여행지 추천받아 베트남 다낭 다녀왔는데요. 다낭에 도착해서 하루는 시내를 전체적으로 구경해보고 싶었는데 동선을 효율적으로 짜는 게 어려워서 당일 투어가 없는지 찾아보던 중 숙소 예약해봤던 다낭고스트에서 체크아웃 시티투어를 진행하고 있어 신청해보았어요. 다낭 박물관 고스트 시티투어의...",3일 전
16,바아쁜 아줌마의 여행과 일상,산청 애견동반펜션여름휴가지 추천 너와나펜션,여러분 이번여름휴가지 결정하셨나요? 매년 여름에는 대마도로 프리 다이빙하러 갔었는데 개아들 훈이가 애견호텔만 맡기면 스트레스로 입원해서 국내 애견동반펜션이 있는... 이번에 소개하는 애견동반펜션은 진주 근교에서 사랑하는 반려견과 편안한 휴가를 보낼 수 있는 산청 애견동반펜션 너와나펜션 이예요. 사랑하는 내 반려견과 산청 독채펜션에서 편하게 즐길...,6일 전
17,실버스톤과 루피맘,국립자연휴양림 성수기 추첨/예약방법/여름휴가추천 국립휴양림 best 5,"휴가가서 무엇을 할까? 그냥 힐링? 수영이나 물놀이? 맛집 투어? .... 2. 대략적인 계획이 세워졌으면 거기에 적당한 자연휴양림은 어디일까 조사해 봅니다. 3. 자, 그럼 이제... #성수기휴양림당첨기원 #자연휴양림성수기추첨 #자연휴양림성수기추첨신청방법 #성수기휴양림신청 #휴양림여름휴가#여름휴가추천휴양림 #여름휴가추천자연휴양림 #여름휴양림추천...",6일 전
18,골프맨 국내외골프여행 예약전문,블랙밸리cc여름휴가맞춤 가성비 국내골프패키지,블랙밸리cc 는 강원도 골프장 중여름휴가떠나기에 최고 가성비를 자랑하는 국내골프패키지 골프장 입니다. 골프장 특징 및 패키지 구성 살펴볼게요. 블랙밸리cc 블랙밸리cc 는 18홀 코스를 보유하고 있는 산악형 골프장 입니다. 지대가 높아 여름에 많은 분들이 이용해주시고 있는 골프장이기도 합니다. 강원도는 특히나 7월 8월이 성수기라 비싼데 블랙밸리cc 는 그...,1주 전
19,마음밭으로 여행,"올여름 휴가는 장사해수욕장, 장사해변캠핑장, 장사상륙작전전승기념관에서 !","벌써 휴가철인가 ? 원두막은 영덕군에서 비용을 받고 대여한다고 ~~~ 장사해수욕장 종합상황실 장사해변캠핑장이 보인다. 커피카도 와있고 캠핑카들도 줄지어 있다. 원두막에는 바다를 즐기는 연인이 바다의 관음소리를 즐긴다. 올여름휴가지로 장사해수욕장이 어떨까~~~!!! 해파랑길 19코스의 시작, 그리고 영덕블루로드가 시작된다. 부산에서 강원도 고성까지...",2시간 전
20,아빠는여행중,여름휴가제주우도 어떠세요! 우도 가는방법 성산항 주차 배시간 전기차렌트 땅콩아이스크림 맛집,"여름휴가우도 어떠세요! 제주 섬속의 섬 우도 제주의 아름다운 섬 속의 섬으로 유명한 곳들이 많지만 제주 동부지역을 대표하는 섬은 바로 우도, 지금은 6월 말까지 수국이 절정을 맞으면서 여행하기 좋은 우도로 여름을 방불케하는 6월 여행 떠나시는 것은 어떨까요? 그동안 제주를 수없이 다녀오면서도 우도는 늘 그리움의 대상이었는데 이번 제주여행에서는...",3일 전
21,철이진이,여름휴가추천 국내여름휴가지추천 대구 이월드,"물놀이 뿐만 아니라 대형 슬라이드도 있으니 스릴만점 올해 여름에는 이월드에서 놀아보는건 어떨까?여름휴가지추천 다이나믹 아쿠아밤 마지막으로 대구 이월드에서는 다이나믹 아쿠아밤이 진행된다. 장소는 이월드 다이나믹 광장에서 펼쳐지며 금요일에는 저녁 7시 30분 부터 30분 동안 토요일에는 오후 3시, 저녁 7시 30분 2회차 공연이 진행된다. 일요일에는 오후3시...",6일 전
22,여행작가 박은하,강원도 강릉 가볼만한곳여름휴가지 추천 7,강원도 강릉 가볼만한곳여름 휴가지 추천! 본격적인여름 휴가시즌을 앞두고 있습니다. 올해여름휴가는 어디로 떠나볼까 고민이라면 강원도 강릉을 추천해요. 무작정 쉬는 여행도 좋지만 다양한 경험을 통해 추억을 쌓을 수 있는여름 휴가지 추천 7곳을 추천합니다. 1. 경포해변 / 경포 해수욕장여름 휴가지 추천 첫 번째 장소는 무더위를 식혀주는 강릉 대표 해변...,1일 전
23,스윙말고골프를치자,다낭 골프장 호이아나쇼어스cc 함께하는여름 휴가호이아나리조트 & 골프,"ㅡ 다낭여름 휴가ㅡ 호이아나 리조트 & 골프 안녕하세요. 열혈골퍼 여러분! ""베트남 다낭의 럭셔리 휴양지, 호이아나 리조트 & 골프에서 즐기는 화려했던 여름 축제""를... 특히 각 호텔마다 개별적인 테마와 분위기를 가지고 있어 방문객들 모두 자신만의 특별한 휴가를 즐길 수 있더라고요. 세계 최고의 골프코스 호이아나쇼어스cc 제가 구력 15년 정도에 전국, 아시아의...",1일 전
24,라파,서해 바다 여행지 충남 태안 청포대 해수욕장 조개잡이 낙조가 아름다운여름 휴가여행지 추천,"갈매기들도 많이 찾고, 특히 여름에는여름휴가지로 찾는 사람들이 많이 있다보니, 해안 가득 사람들이 채워집니다. 일몰이 아름다운 서해인만큼 주변에서 하루이틀 묵으면서 여유를 즐겨보시는 것도 좋을 것 같습니다. 태안 청포대 해수욕장 조개잡이 준비물 : 장화, 목장갑, 조개담는 통, 호미, 삽, 조개갈퀴, 맛소금(맛조개), 선글라스, 생수, 방수팩, 밭일의자, 선크림 태안...",6일 전
25,제니베야,GS25뮤비페 8월 속초여름휴가한화리조트 숙박권 사전예약 축제 일정,"GS25 뮤비페와 함께 워터파크도 즐길 수 있다고 하니 이날 하루만큼은 제대로 시원한 여름 속초 휴가를 보낼 수 있지않을까 싶어요: ) ▼ 설악 한화리조트 객실 타입 및 숙박권... 8월이면여름 휴가시즌이라 성수기인데 숙소 1박에 뮤비페 티켓, 워터피아 입장권까지 포함이라 20만원대 가격이면 가성비 최고인듯하죠. 8월 10일 부산, 17일 일산에 이어 31일 설악...",3일 전
26,케이골프투어 K-GOLF TOUR,"2024년여름휴가시즌 특별 프로모션 푸켓 블루캐년cc (3박5일/4박6일) 1,399,000원~","2024년여름휴가시즌 특별프로모션 !! Another Level!! 푸켓 블루캐년CC 인천 - 푸켓 직항 !! 2024년 6월~9월 (3박5일/4박6일) . . 일생에 한번은 꼭 가야 하는 골프장!! 아시아... 푸켓 블루캐년CC여름휴가골프여행 !! 일정 : 6월~ 9월 (3박5일),(4박6일) 인천-푸켓 대한항공 왕복 ▶인천-푸켓 17:55~22:15 ▶푸켓-인천 23:40~08:05 +1...",1일 전
27,일상,국내여름 휴가지 추천 울진 월송정 구산해수욕장 맨발걷기,"국내여름 휴가지 울진 월송정 코스 요즘 전국적으로 맨발걷기가 유행이다. 몇년전 가보고 반해버린 경북 울진에도 평해사구습지 생태공원 시작으로 해송길, 바닷길을 따라 걸어볼 수... 야영장까지 있으니 더 없이 좋을 국내여름 휴가지 겠다. 해송으로 쭉 이어진 동해바닷길이 끝없이 이어져 있다. 전망데크가 있어 올라와 보니 풍경이 더 없이 멋졌다. 1. 울진...",12시간 전
28,행복한 상상♡,언니랑 함께하는 8월여름휴가제주여행 해외여행 추천,"언니랑 함께하는 8월여름휴가제주여행 하나투어 신상여행 기획전 어딜가도 바다가 있는곳 푸른 제주여행 8월여름휴가제주가 좋은 이유는 바다죠 차타고 가다가 맘에들면 내려서 사진찍고, 커피도 한잔 마시고 이런여행을 좋아해요 하나투어 신상여행 기획전을 확인해보세요 완전 인프피라 여행스타일이 즉흥적이에요 언니는 정반대인 J성향이라 계획적입니다 오히려...",1일 전
29,✈︎여행이음 Trip euuum✈︎,국내여름휴가:: 청량한 어달해변에서 즐길 수 있는 강원도 동해바다 이국감성 오션뷰 호캉스 신비해변,"특히 모든 객실이 오션뷰를 즐길 수 있어 일출부터 일몰까지 맛집이라고 하니여름 휴가계획으로 딱! 좋은 여행 공간이라고 생각이드네요ㅎㅎ 동해 신비호텔 주소 강원 동해시... 저는 개인적으로 가볍게 즐기려면 2층과 3층, 4층 그리고 여름에 수영장과 함게 즐기시려면 5층과 6층을 즐기시는 것을 추천드리죠! 그리고 인생사진을 꼭! 찍고 싶으신 분들은 3층...",2일 전
30,힐링,국내 여름 휴양지 가볼만한곳 추천 태안여름휴가준비하기,"저녁에는 이렇게 아름다운 일몰과 노을도 감상이 가능한 국내 여름 휴양지여름 휴가가볼만한곳 입니다. 삼봉해수장에서 7월부터 시작하는 캠핑장 에서 휴가를 보내보세요! 1) 예약 태안관광정보센터 카페에서 예약이 가능해요! 2) 할인혜택 선착순 사전예약시 10% 할인 매일 6팀 한정! 오토캠핑 5팀, 차박 1팀 입니다. 그리고 사전예약시 샤워장도 무료로 이용이...",6일 전
31,챙,7월 8월 해외여행지 추천 세부 여행 안전여름휴가휴양지,"7월 8월 해외여행지 추천 안전한여름휴가휴양지 세부 여행 글/사진 @챙여름휴가를 계획하고 계신가요? 저는 일본같은 도시여행도 좋아하지만 특히 여름에는 땀흘리며 돌아다니는 것보다 휴양지에서 물놀이하며 쉬는 여행지가 체력적으로 더 좋더라고요 물놀이를 좋아하신다면, 해양 스포츠를 즐기며 시원하게 여름을 보낼 수 있는 완벽한 휴양지 안전한 세부 여행을...",2주 전
32,힌클랑,경북 문경 가볼만한곳 : 선유동계곡 국내여름휴가추천,문경 선유동계곡은 상당히 좋은여름휴가추천 경북 계곡으로 무더운 여름 최고의 경북 가볼만한곳 중 하나 인데요 다음주부터 푹푹 찌는 여름 무더위 예고되어있어 2024년 여름 가볼만한곳 으로 사전방문한 전국계곡 수십곳 알려드릴텐데 오늘은 첫번째 순서로 문경 계곡 입니다 문경 선유동계곡 여행날짜 : 2024년 4월 27일 오후 방문소요시간 : 30분 문경 선유동계곡...,2주 전
